Type,Ending,Year,EUR,PKR,CNY,INR,HKD,ZAR,IDR,KRW,MYR,PHP,TWD,THB,VND,SAR,ARS,HUF,KWD,MXN,PLN,BRL,QAR,RUB,CLP,TRY,,,,,,,,,,,
PL,December,2014,1.328471507,0.009905922,0.162305452,0.016395904,0.128954137,0.092267984,0.0000844,0.000949815,0.305683014,0.022529156,0.032985589,0.030793255,4.72071E-05,0.266572329,0.12357589,0.004305315,3.512891781,0.075207589,0.317468493,0.426193151,0.27462411,0.026490603,0.175514438,0.457507945,,,,,,,,,,,
PL,December,2015,1.110231507,0.009732295,0.159183014,0.015602233,0.128989918,0.078799425,0.0000748,0.000884261,0.257555068,0.021983112,0.03150594,0.02924657,4.56725E-05,0.266579178,0.108637534,0.003583014,3.322503836,0.063154192,0.265455342,0.304890137,0.274636164,0.01650263,0.153314822,0.369017425,,,,,,,,,,,
PL,December,2016,1.10682377,0.009547957,0.15058653,0.014887708,0.12882735,0.068242194,0.0000752,0.000862256,0.241721858,0.021066656,0.031023563,0.028344096,4.47121E-05,0.266604645,0.067863388,0.003554645,3.307905738,0.053632295,0.253760929,0.288688798,0.274611475,0.015003907,0.147921776,0.331758169,,,,,,,,,,,
PL,December,2017,1.130265205,0.009492427,0.148157562,0.015366085,0.128329836,0.075234027,0.0000747,0.000884953,0.232773425,0.019845767,0.03287977,0.029498951,4.40278E-05,0.266633151,0.060570411,0.003655342,3.296185753,0.053046219,0.265673151,0.313367945,0.272180274,0.017157644,0.154231753,0.274634548,,,,,,,,,,,
PL,December,2018,1.180779452,0.008268784,0.151351753,0.014649822,0.127593342,0.075967836,0.0000703,0.000909224,0.247880822,0.018994208,0.033190852,0.030952915,4.3451E-05,0.266604932,0.038169589,0.00370726,3.30985589,0.052083041,0.277300822,0.275446301,0.273455616,0.015991151,0.156146795,0.213157178,,,,,,,,,,,
PL,December,2019,1.11938274,0.006690257,0.144801973,0.014206866,0.127631123,0.069280359,0.0000707,0.000858555,0.241467945,0.019318981,0.032368082,0.032220485,4.30564E-05,0.26659726,0.021363836,0.003442849,3.290688767,0.051974548,0.260565479,0.253825479,0.273286301,0.015462767,0.142639671,0.176314219,,,,,,,,,,,
PL,December,2020,1.141612022,0.006182533,0.145025956,0.013494415,0.12893153,0.061097839,0.0000687,0.000848971,0.238125956,0.020165448,0.033956109,0.031978109,4.30431E-05,0.26645,0.014308743,0.003252077,3.259774863,0.046872268,0.257000273,0.195745628,0.272193443,0.013899918,0.126508087,0.143754126,,,,,,,,,,,
PL,December,2021,1.213185246,0.006252915,0.154599508,0.013695738,0.128974918,0.066874918,0.0000711,0.000904752,0.247391803,0.020752164,0.035734689,0.033300262,4.34005E-05,0.266585246,0.011468852,0.003378197,3.301277049,0.04965541,0.268572131,0.185421311,0.2724,0.013442787,0.13833541,0.137804426,,,,,,,,,,,
PL,March,2014,1.32845989,0.009857575,0.162674093,0.017136885,0.128920687,0.103929918,9.65347E-05,0.000913788,0.317684341,0.023574761,0.033674802,0.032582401,4.75869E-05,0.266631319,0.183476374,0.00447511,3.522896978,0.078435055,0.316726923,0.464991484,0.274650824,0.031411813,0.202140824,0.526165632,,,,,,,,,,,
PL,March,2015,1.328471507,0.009905922,0.162305452,0.016395904,0.128954137,0.092267984,8.43675E-05,0.000949815,0.305683014,0.022529156,0.032985589,0.030793255,4.72071E-05,0.266572329,0.12357589,0.004305315,3.512891781,0.075207589,0.317468493,0.426193151,0.27462411,0.026490603,0.175514438,0.457507945,,,,,,,,,,,
PL,March,2016,1.110231507,0.009732295,0.159183014,0.015602233,0.128989918,0.078799425,7.47656E-05,0.000884261,0.257555068,0.021983112,0.03150594,0.02924657,4.56725E-05,0.266579178,0.108637534,0.003583014,3.322503836,0.063154192,0.265455342,0.304890137,0.274636164,0.01650263,0.153314822,0.369017425,,,,,,,,,,,
PL,March,2017,1.10682377,0.009547957,0.15058653,0.014887708,0.12882735,0.068242194,7.51912E-05,0.000862256,0.241721858,0.021066656,0.031023563,0.028344096,4.47121E-05,0.266604645,0.067863388,0.003554645,3.307905738,0.053632295,0.253760929,0.288688798,0.274611475,0.015003907,0.147921776,0.331758169,,,,,,,,,,,
PL,March,2018,1.130265205,0.009492427,0.148157562,0.015366085,0.128329836,0.075234027,7.47412E-05,0.000884953,0.232773425,0.019845767,0.03287977,0.029498951,4.40278E-05,0.266633151,0.060570411,0.003655342,3.296185753,0.053046219,0.265673151,0.313367945,0.272180274,0.017157644,0.154231753,0.274634548,,,,,,,,,,,
PL,March,2019,1.180779452,0.008268784,0.151351753,0.014649822,0.127593342,0.075967836,7.03208E-05,0.000909224,0.247880822,0.018994208,0.033190852,0.030952915,4.3451E-05,0.266604932,0.038169589,0.00370726,3.30985589,0.052083041,0.277300822,0.275446301,0.273455616,0.015991151,0.156146795,0.213157178,,,,,,,,,,,
PL,March,2020,1.11938274,0.006690257,0.144801973,0.014206866,0.127631123,0.069280359,7.07262E-05,0.000858555,0.241467945,0.019318981,0.032368082,0.032220485,4.30564E-05,0.26659726,0.021363836,0.003442849,3.290688767,0.051974548,0.260565479,0.253825479,0.273286301,0.015462767,0.142639671,0.176314219,,,,,,,,,,,
PL,March,2021,1.141612022,0.006182533,0.145025956,0.013494415,0.12893153,0.061097839,6.87129E-05,0.000848971,0.238125956,0.020165448,0.033956109,0.031978109,4.30431E-05,0.26645,0.014308743,0.003252077,3.259774863,0.046872268,0.257000273,0.195745628,0.272193443,0.013899918,0.126508087,0.143754126,,,,,,,,,,,
PL,June,2014,1.347121918,0.009823135,0.162636521,0.016400227,0.128957753,0.093599479,8.48876E-05,0.000955536,0.308320274,0.022593951,0.033224526,0.030903173,4.72893E-05,0.26659589,0.13021726,0.004388055,3.529172603,0.076130712,0.322378356,0.433074247,0.274630959,0.028168575,0.179283808,0.464619479,,,,,,,,,,,
PL,June,2015,1.133849863,0.00978637,0.160157616,0.01574971,0.12898011,0.081843419,7.60681E-05,0.000891652,0.266482192,0.022153499,0.031746301,0.029639099,4.60286E-05,0.266563562,0.111818356,0.003666795,3.343000548,0.064882356,0.27151863,0.32340274,0.274628767,0.017198055,0.156882082,0.383570164,,,,,,,,,,,
PL,June,2016,1.109783607,0.009545661,0.152205519,0.014936607,0.128845164,0.067714049,7.48796E-05,0.000863411,0.242744262,0.021223385,0.030904093,0.028310369,4.4754E-05,0.266598634,0.07270765,0.003559754,3.310018306,0.055186311,0.25570929,0.283160929,0.274620492,0.014835246,0.146724809,0.339668115,,,,,,,,,,,
PL,June,2017,1.112120822,0.009522193,0.147165096,0.015250507,0.128458192,0.074862408,7.48518E-05,0.000874684,0.230144658,0.019899981,0.032575518,0.029122584,4.40545E-05,0.266625753,0.061628219,0.00360011,3.291171233,0.052505178,0.259528493,0.312261096,0.273318356,0.016977836,0.153020082,0.279622219,,,,,,,,,,,
PL,June,2018,1.187564932,0.008571265,0.152398384,0.014864737,0.127630767,0.076511068,7.10966E-05,0.000913513,0.248480548,0.019120038,0.03332309,0.030966822,4.36171E-05,0.266620548,0.042690137,0.003745534,3.313243562,0.052520822,0.279696986,0.282229863,0.272443836,0.016311562,0.157757534,0.223820822,,,,,,,,,,,
PL,June,2019,1.123735068,0.006823973,0.14511389,0.014216452,0.127606,0.069549759,7.03399E-05,0.000863857,0.241232877,0.019208014,0.03229477,0.031825255,4.3026E-05,0.26658137,0.022889041,0.00347211,3.289974521,0.051589671,0.261450137,0.256630685,0.273410959,0.01532674,0.145298877,0.178671425,,,,,,,,,,,
PL,June,2020,1.127121311,0.006210487,0.143544973,0.013565175,0.128776885,0.061471995,6.87931E-05,0.000840848,0.237452459,0.020004087,0.033603456,0.031969142,4.303E-05,0.266460383,0.014979781,0.00324877,3.262179781,0.047217295,0.255492896,0.203355191,0.272495355,0.014269481,0.125746585,0.150264126,,,,,,,,,,,
PL,June,2021,1.20607377,0.006252079,0.15255918,0.013551705,0.128992295,0.066354295,7.07954E-05,0.000908889,0.245732787,0.020775918,0.03532077,0.03316082,4.32238E-05,0.266568852,0.01222459,0.003356885,3.278434426,0.049864918,0.268929508,0.190642623,0.270968852,0.013348361,0.135106557,0.129492131,,,,,,,,,,,
PL,September,2014,1.347121918,0.009823135,0.162636521,0.016400227,0.128957753,0.093599479,8.48876E-05,0.000955536,0.308320274,0.022593951,0.033224526,0.030903173,4.72893E-05,0.26659589,0.13021726,0.004388055,3.529172603,0.076130712,0.322378356,0.433074247,0.274630959,0.028168575,0.179283808,0.464619479,,,,,,,,,,,
PL,September,2015,1.133849863,0.00978637,0.160157616,0.01574971,0.12898011,0.081843419,7.60681E-05,0.000891652,0.266482192,0.022153499,0.031746301,0.029639099,4.60286E-05,0.266563562,0.111818356,0.003666795,3.343000548,0.064882356,0.27151863,0.32340274,0.274628767,0.017198055,0.156882082,0.383570164,,,,,,,,,,,
PL,September,2016,1.109783607,0.009545661,0.152205519,0.014936607,0.128845164,0.067714049,7.48796E-05,0.000863411,0.242744262,0.021223385,0.030904093,0.028310369,4.4754E-05,0.266598634,0.07270765,0.003559754,3.310018306,0.055186311,0.25570929,0.283160929,0.274620492,0.014835246,0.146724809,0.339668115,,,,,,,,,,,
PL,September,2017,1.112120822,0.009522193,0.147165096,0.015250507,0.128458192,0.074862408,7.48518E-05,0.000874684,0.230144658,0.019899981,0.032575518,0.029122584,4.40545E-05,0.266625753,0.061628219,0.00360011,3.291171233,0.052505178,0.259528493,0.312261096,0.273318356,0.016977836,0.153020082,0.279622219,,,,,,,,,,,
PL,September,2018,1.187564932,0.008571265,0.152398384,0.014864737,0.127630767,0.076511068,7.10966E-05,0.000913513,0.248480548,0.019120038,0.03332309,0.030966822,4.36171E-05,0.266620548,0.042690137,0.003745534,3.313243562,0.052520822,0.279696986,0.282229863,0.272443836,0.016311562,0.157757534,0.223820822,,,,,,,,,,,
PL,September,2019,1.123735068,0.006823973,0.14511389,0.014216452,0.127606,0.069549759,7.03399E-05,0.000863857,0.241232877,0.019208014,0.03229477,0.031825255,4.3026E-05,0.26658137,0.022889041,0.00347211,3.289974521,0.051589671,0.261450137,0.256630685,0.273410959,0.01532674,0.145298877,0.178671425,,,,,,,,,,,
PL,September,2020,1.127121311,0.006210487,0.143544973,0.013565175,0.128776885,0.061471995,6.87931E-05,0.000840848,0.237452459,0.020004087,0.033603456,0.031969142,4.303E-05,0.266460383,0.014979781,0.00324877,3.262179781,0.047217295,0.255492896,0.203355191,0.272495355,0.014269481,0.125746585,0.150264126,,,,,,,,,,,
PL,September,2021,1.20607377,0.006252079,0.15255918,0.013551705,0.128992295,0.066354295,7.07954E-05,0.000908889,0.245732787,0.020775918,0.03532077,0.03316082,4.32238E-05,0.266568852,0.01222459,0.003356885,3.278434426,0.049864918,0.268929508,0.190642623,0.270968852,0.013348361,0.135106557,0.129492131,,,,,,,,,,,
PL,May,2014,1.343636986,0.009821335,0.162842575,0.016431679,0.12894611,0.094101197,8.62665E-05,0.000947283,0.308909315,0.02263197,0.033228633,0.03104163,4.73299E-05,0.266599178,0.13551863,0.00438874,3.526748767,0.07615137,0.320619726,0.434040822,0.274625205,0.028318274,0.180751342,0.469109151,,,,,,,,,,,
PL,May,2015,1.153339178,0.009813677,0.160107315,0.015838477,0.128981205,0.082867389,7.68084E-05,0.000898525,0.270066301,0.022206378,0.031827542,0.029731348,4.61245E-05,0.266559726,0.112851781,0.003736438,3.362359178,0.06590526,0.276368219,0.333819726,0.274629589,0.01808863,0.158746548,0.391858877,,,,,,,,,,,
PL,May,2016,1.109682787,0.009566761,0.152971175,0.01500212,0.128858361,0.068938464,7.48875E-05,0.000866714,0.244507377,0.021278156,0.031019631,0.028417148,4.48486E-05,0.266600273,0.075966667,0.003560956,3.30958388,0.05608877,0.256879235,0.28552377,0.274623224,0.015072923,0.14763306,0.341970874,,,,,,,,,,,
PL,May,2017,1.112225479,0.00952355,0.147554603,0.015197838,0.128506822,0.073943789,7.48396E-05,0.000872441,0.231128219,0.020021195,0.032402729,0.029035047,4.41136E-05,0.266625479,0.062338082,0.003595151,3.29287726,0.052378603,0.258609041,0.311350959,0.273593699,0.016823014,0.152747315,0.284466164,,,,,,,,,,,
PL,May,2018,1.183943288,0.00866399,0.151772192,0.014927323,0.127696712,0.076700918,7.142E-05,0.00091113,0.247131781,0.019220389,0.033307121,0.030854545,4.3639E-05,0.266620274,0.04470411,0.003747726,3.312313151,0.052994055,0.279346027,0.285406575,0.272236438,0.016420438,0.157212384,0.229428164,,,,,,,,,,,
PL,May,2019,1.126847945,0.006982245,0.145910356,0.014245156,0.127578932,0.070090786,7.04093E-05,0.000868877,0.242005753,0.019166863,0.032396926,0.031713052,4.31033E-05,0.266588767,0.024099178,0.003481507,3.29121863,0.051386575,0.261939452,0.257123014,0.273446849,0.015354658,0.146313534,0.182294575,,,,,,,,,,,
PL,May,2020,1.127462022,0.006247296,0.143853852,0.013664137,0.128673306,0.062315137,6.87974E-05,0.000842814,0.238013934,0.019950251,0.033463697,0.031972738,4.30115E-05,0.26646612,0.015674863,0.003270464,3.265671311,0.047793497,0.256478689,0.208764208,0.272572404,0.014366475,0.127315738,0.152337568,,,,,,,,,,,
PL,May,2021,1.179421978,0.006181869,0.148815824,0.013435044,0.129003736,0.063728549,7.06414E-05,0.000882398,0.241823077,0.020515659,0.034786648,0.032812956,4.31724E-05,0.266537363,0.012938462,0.003317582,3.268589011,0.048193297,0.263723077,0.191358242,0.271451648,0.01369978,0.131949121,0.135147033,,,,,,,,,,,
PL,August,2014,1.351042466,0.009802164,0.162675918,0.016338666,0.128955397,0.094353307,8.52824E-05,0.000952061,0.308116164,0.022615129,0.033269282,0.030945868,4.73047E-05,0.266596438,0.134779178,0.004416658,3.531671233,0.076214411,0.323037534,0.434109589,0.274636712,0.028531644,0.18177937,0.468241342,,,,,,,,,,,
PL,August,2015,1.147375616,0.009801035,0.160644877,0.015857778,0.128976822,0.083305159,7.72723E-05,0.000901672,0.272923014,0.022253052,0.03195734,0.029910205,4.62514E-05,0.26656,0.112811233,0.003709973,3.357543562,0.066212466,0.274903836,0.337518904,0.274626027,0.018130466,0.158815425,0.393459836,,,,,,,,,,,
PL,August,2016,1.110042896,0.009546975,0.152789016,0.014946172,0.128853989,0.06788879,7.43192E-05,0.000858653,0.241813934,0.021254057,0.030810872,0.028225555,4.47252E-05,0.266604372,0.076031148,0.003556257,3.309476776,0.055782596,0.256286885,0.278990984,0.274623224,0.014791066,0.146321066,0.339194098,,,,,,,,,,,
PL,August,2017,1.106310411,0.009528208,0.146956384,0.015206378,0.128536247,0.074456496,7.49354E-05,0.000876177,0.230641644,0.020015416,0.032457778,0.02900951,4.41233E-05,0.266616986,0.06229589,0.003581096,3.291175616,0.052175534,0.257911507,0.311254247,0.273495616,0.016824986,0.152189671,0.283630384,,,,,,,,,,,
PL,August,2018,1.189748219,0.008686104,0.152938055,0.015000216,0.127662082,0.077175737,7.1752E-05,0.000912615,0.248126575,0.019209504,0.033374022,0.03092549,4.37052E-05,0.266626027,0.045329041,0.00376811,3.314405479,0.052803342,0.280363836,0.288430411,0.272370959,0.016521452,0.158774329,0.234473589,,,,,,,,,,,
PL,August,2019,1.12899589,0.006963554,0.145549096,0.014204044,0.127602877,0.069605055,7.00337E-05,0.000868523,0.241443288,0.01915157,0.032327101,0.031658208,4.30119E-05,0.266587397,0.023570411,0.003494877,3.290981644,0.051720795,0.262931233,0.256742466,0.273431233,0.015277699,0.145966055,0.177318219,,,,,,,,,,,
PL,August,2020,1.120739891,0.006241118,0.143036011,0.013599727,0.128662104,0.062083388,6.90906E-05,0.000839829,0.237289891,0.019889511,0.033434724,0.032036656,4.3025E-05,0.266455464,0.015336612,0.003252213,3.263902186,0.047612322,0.254629235,0.208057923,0.272628142,0.01445377,0.126564891,0.153756721,,,,,,,,,,,
PL,August,2021,1.197056044,0.006176535,0.150646703,0.01356789,0.129004176,0.064196352,6.96469E-05,0.000889207,0.244182418,0.020722165,0.034960626,0.032739286,4.32011E-05,0.266579121,0.012582418,0.003327912,3.275268132,0.048673846,0.267112088,0.188893407,0.271131868,0.013283187,0.13320044,0.130486484,,,,,,,,,,,
BS,December,30-Dec-14,1.2156,0.0098985,0.16124,0.015789,0.12891,0.086482,0.000080562,0.0009117,0.2857,0.022354,0.031573,0.030427,0.000046773,0.2664,0.1178,0.00386,3.4144,0.06786,0.2842,0.3778,0.2746,0.01803,0.1647,0.42953,,,,,,,,,,,
BS,December,30-Dec-15,1.0933,0.0095352,0.15408,0.015042,0.12902,0.064299,0.000072203,0.0008493,0.2326,0.021287,0.03034,0.027685,0.000044553,0.2664,0.0772,0.00349,3.2949,0.05753,0.2568,0.2525,0.2746,0.01359,0.14071,0.34262,,,,,,,,,,,
BS,December,30-Dec-16,1.0517,0.0095852,0.14388,0.014713,0.12894,0.072781,0.00007412,0.0008278,0.2229,0.02016,0.030883,0.027915,0.000043917,0.2665,0.063,0.0034,3.2719,0.04824,0.2388,0.3074,0.2744,0.01625,0.14913,0.2838,,,,,,,,,,,
BS,December,30-Dec-17,1.2005,0.0090621,0.15356,0.015664,0.12799,0.080494,0.000073601,0.0009372,0.2462,0.020009,0.033707,0.03072,0.000044035,0.2666,0.0537,0.00386,3.3134,0.05085,0.2871,0.3019,0.2729,0.01734,0.1625,0.26284,,,,,,,,,,,
BS,December,30-Dec-18,1.1444,0.007215,0.14539,0.014335,0.1277,0.069293,0.00006888,0.0008952,0.2408,0.019046,0.032715,0.030713,0.000043123,0.2666,0.0265,0.00356,3.2933,0.05087,0.266,0.2576,0.2736,0.01437,0.14409,0.18967,,,,,,,,,,,
BS,December,30-Dec-19,1.1199,0.0064542,0.14313,0.014022,0.12841,0.070847,0.000071847,0.0008636,0.2435,0.019708,0.033226,0.033363,0.000043156,0.2666,0.0167,0.00338,3.2986,0.05283,0.2632,0.2488,0.273,0.01613,0.13332,0.16813,,,,,,,,,,,
BS,December,30-Dec-20,1.2298,0.0062322,0.1533,0.013657,0.12899,0.068372,0.000071225,0.0009183,0.2477,0.020801,0.035579,0.033406,0.000043317,0.2665,0.0119,0.00337,3.2843,0.05026,0.2684,0.1925,0.2717,0.01345,0.14075,0.13544,,,,,,,,,,,
BS,March,30-Mar-14,1.3752,0.0101978,0.16098,0.0167,0.1289,0.09455,0.000087719,0.0009348,0.3069,0.022285,0.032799,0.030769,0.000047413,0.2666,0.1249,0.00446,3.5508,0.0765,0.3297,0.442,0.2746,0.02798,0.18168,0.45637,,,,,,,,,,,
BS,March,30-Mar-15,1.0833,0.0098099,0.1611,0.015998,0.12894,0.082298,0.000076394,0.0009025,0.2693,0.02239,0.03199,0.030675,0.000046415,0.2665,0.1134,0.00362,3.3269,0.06552,0.2651,0.3096,0.2745,0.01736,0.15943,0.38337,,,,,,,,,,,
BS,March,30-Mar-16,1.1338,0.0095465,0.15463,0.015095,0.12897,0.066924,0.000075555,0.0008742,0.2552,0.021794,0.031084,0.028374,0.000044894,0.2666,0.0685,0.0036,3.313,0.05804,0.2654,0.2776,0.2747,0.01464,0.14861,0.35252,,,,,,,,,,,
BS,March,30-Mar-17,1.0674,0.0095495,0.14505,0.015422,0.12871,0.07531,0.00007516,0.0008937,0.2262,0.01992,0.032979,0.029029,0.000043965,0.2666,0.0648,0.00346,3.2777,0.05342,0.2534,0.3174,0.2746,0.01782,0.15088,0.27353,,,,,,,,,,,
BS,March,30-Mar-18,1.2324,0.0086423,0.15896,0.015365,0.1274,0.084423,0.000072627,0.0009423,0.259,0.019167,0.034497,0.032072,0.000043908,0.2667,0.0496,0.00394,3.3377,0.05499,0.293,0.3024,0.2732,0.01763,0.16559,0.25285,,,,,,,,,,,
BS,March,30-Mar-19,1.1218,0.0071048,0.14898,0.014415,0.12739,0.068964,0.000070186,0.0008792,0.2449,0.018974,0.032408,0.031511,0.000043102,0.2666,0.0231,0.00349,3.2886,0.05147,0.2608,0.255,0.2733,0.01521,0.14695,0.17965,,,,,,,,,,,
BS,March,30-Mar-20,1.1048,0.0060245,0.14085,0.013255,0.12895,0.055739,0.000061235,0.0008168,0.231,0.019662,0.033051,0.030618,0.000042309,0.2658,0.0155,0.00308,3.1772,0.04204,0.2434,0.1925,0.2717,0.01259,0.11672,0.15207,,,,,,,,,,,
BS,June,30-Jun-14,1.3692,0.0101297,0.16117,0.016655,0.12903,0.094001,0.000084282,0.0009882,0.3114,0.022928,0.033478,0.030826,0.000046839,0.2666,0.123,0.00442,3.5537,0.0771,0.3293,0.4518,0.2747,0.02942,0.18101,0.47206,,,,,,,,,,,
BS,June,30-Jun-15,1.1147,0.0098184,0.16108,0.015722,0.12901,0.082172,0.000074901,0.0008928,0.2666,0.022178,0.032369,0.029588,0.000045791,0.2666,0.1099,0.00353,3.3069,0.06354,0.2658,0.3222,0.2746,0.01807,0.15643,0.37295,,,,,,,,,,,
BS,June,30-Jun-16,1.1106,0.0095465,0.15057,0.014813,0.12889,0.067931,0.000075913,0.0008674,0.2506,0.021231,0.031045,0.028468,0.000044835,0.2666,0.0665,0.00352,3.3117,0.05429,0.2537,0.3112,0.2746,0.01563,0.15113,0.34747,,,,,,,,,,,
BS,June,30-Jun-17,1.1426,0.0095374,0.1475,0.015477,0.12809,0.076374,0.000074993,0.000873,0.2328,0.019818,0.032891,0.02949,0.000044014,0.2666,0.0602,0.0037,3.3,0.05516,0.2702,0.3023,0.2678,0.01712,0.15059,0.28416,,,,,,,,,,,
BS,June,30-Jun-18,1.1684,0.0082338,0.151,0.014608,0.12744,0.07287,0.000070086,0.0008969,0.248,0.018726,0.032809,0.030273,0.000043564,0.2666,0.0346,0.00355,3.303,0.05022,0.2673,0.2579,0.2738,0.01595,0.15292,0.21795,,,,,,,,,,,
BS,June,30-Jun-19,1.1373,0.0061303,0.14563,0.014502,0.12798,0.070998,0.00007082,0.0008649,0.242,0.019505,0.032295,0.03259,0.000042912,0.2659,0.0235,0.00352,3.2949,0.05203,0.2683,0.2598,0.2733,0.0158,0.1476,0.17264,,,,,,,,,,,
BS,June,30-Jun-20,1.1234,0.0059509,0.14153,0.013235,0.12902,0.05764,0.00006918,0.0008339,0.2334,0.020096,0.033826,0.032347,0.00004311,0.2666,0.0142,0.00317,3.2486,0.04346,0.2526,0.183,0.2727,0.01404,0.12225,0.14588,,,,,,,,,,,
BS,September,30-Sep-14,1.2631,0.009745,0.1629,0.016151,0.12878,0.088614,0.000082021,0.0009447,0.3046,0.022267,0.032868,0.030839,0.000047156,0.2666,0.1186,0.00406,3.4725,0.07447,0.302,0.409,0.2746,0.02526,0.16713,0.43896,,,,,,,,,,,
BS,September,30-Sep-15,1.1177,0.009574,0.15732,0.015253,0.12903,0.07218,0.000068481,0.0008437,0.2277,0.021404,0.030326,0.027491,0.000044489,0.2666,0.1061,0.00357,3.3084,0.05911,0.2632,0.2533,0.2746,0.01529,0.14361,0.33046,,,,,,,,,,,
BS,September,30-Sep-16,1.1235,0.0095689,0.15006,0.015024,0.12893,0.072873,0.000076658,0.0009075,0.2423,0.020661,0.031964,0.028898,0.000044843,0.2665,0.0651,0.00365,3.318,0.05158,0.2616,0.3067,0.2746,0.0159,0.15206,0.33323,,,,,,,,,,,
BS,September,30-Sep-17,1.1814,0.0094868,0.15075,0.015303,0.12804,0.073755,0.000074267,0.0008731,0.2368,0.01965,0.03297,0.03002,0.000043995,0.2667,0.0578,0.00379,3.311,0.05478,0.2739,0.3162,0.2746,0.01739,0.15624,0.28063,,,,,,,,,,,
BS,September,30-Sep-18,1.1604,0.008092,0.14558,0.013785,0.12773,0.070741,0.000067108,0.0009008,0.2416,0.018507,0.032839,0.030936,0.000042882,0.2667,0.0242,0.00359,3.3006,0.05343,0.271,0.2469,0.2734,0.01525,0.15201,0.16515,,,,,,,,,,,
BS,September,30-Sep-19,1.0899,0.0063627,0.13989,0.014155,0.12757,0.066058,0.000070525,0.000834,0.2388,0.019299,0.032204,0.03269,0.000043099,0.2666,0.0174,0.00325,3.2859,0.05067,0.2493,0.2405,0.2732,0.01542,0.13721,0.17703,,,,,,,,,,,
BS,September,30-Sep-20,1.1721,0.0060285,0.14725,0.01355,0.12903,0.059701,0.000067216,0.0008585,0.2407,0.020646,0.034521,0.031643,0.000043134,0.2666,0.0131,0.00322,3.2637,0.04522,0.2586,0.1783,0.2719,0.01288,0.1273,0.12955,,,,,,,,,,,
BS,May,31-May-14,1.3635,0.0101317,0.16006,0.016862,0.12898,0.094571,0.000085653,0.0009789,0.3105,0.022813,0.033285,0.030474,0.000047304,0.2666,0.1238,0.0045,3.5479,0.07777,0.329,0.4462,0.2747,0.02865,0.18197,0.47686,,,,,,,,,,,
BS,May,31-May-15,1.0986,0.0098025,0.16133,0.015677,0.12898,0.08232,0.0000757,0.0008975,0.2736,0.022462,0.032438,0.029676,0.000045851,0.2666,0.1111,0.00355,3.3008,0.06503,0.2673,0.3145,0.2747,0.01911,0.16181,0.3755,,,,,,,,,,,
BS,May,31-May-16,1.1132,0.0095374,0.15192,0.014871,0.12868,0.063657,0.000073282,0.0008399,0.2431,0.021388,0.030687,0.027963,0.000044663,0.2667,0.0715,0.00355,3.3068,0.05415,0.2538,0.2769,0.2747,0.015,0.14433,0.33901,,,,,,,,,,,
BS,May,31-May-17,1.1244,0.0095411,0.14663,0.015514,0.12834,0.076424,0.000075171,0.0008931,0.2331,0.02009,0.033207,0.029373,0.000044033,0.2667,0.0621,0.00365,3.295,0.0537,0.269,0.31,0.2746,0.01766,0.14855,0.28347,,,,,,,,,,,
BS,May,31-May-18,1.1693,0.0086505,0.156,0.014824,0.1275,0.078748,0.000071821,0.0009254,0.2513,0.019041,0.033347,0.031183,0.000043869,0.2666,0.0401,0.00366,3.3091,0.05023,0.271,0.2682,0.2737,0.01604,0.15895,0.22089,,,,,,,,,,,
BS,May,31-May-19,1.1169,0.0067625,0.14482,0.014373,0.12758,0.06861,0.000069943,0.0008412,0.2391,0.01917,0.031707,0.031716,0.000042707,0.2666,0.0223,0.00344,3.2853,0.05099,0.2608,0.2549,0.2736,0.01528,0.14089,0.17122,,,,,,,,,,,
BS,May,31-May-20,1.1101,0.0061237,0.14013,0.013248,0.12901,0.057,0.000068269,0.000812,0.23,0.019814,0.033313,0.031429,0.000042952,0.2662,0.0146,0.0032,3.2441,0.04509,0.2495,0.1874,0.2729,0.01426,0.12448,0.14666,,,,,,,,,,,
BS,August,31-Aug-14,1.3132,0.0098179,0.16269,0.016498,0.12903,0.093736,0.000085437,0.0009857,0.316,0.022897,0.033477,0.031301,0.00004717,0.2666,0.119,0.00417,3.5119,0.07642,0.3118,0.4467,0.2746,0.02699,0.17047,0.46248,,,,,,,,,,,
BS,August,31-Aug-15,1.1211,0.0096117,0.15684,0.015057,0.12903,0.075318,0.000070949,0.0008452,0.2391,0.021394,0.030776,0.027906,0.000044481,0.2666,0.1075,0.00358,3.309,0.05969,0.2649,0.2761,0.2746,0.01559,0.14433,0.3431,,,,,,,,,,,
BS,August,31-Aug-16,1.1158,0.0095488,0.14975,0.01493,0.12891,0.06788,0.000075256,0.0008958,0.2441,0.021439,0.031495,0.028888,0.000044833,0.2666,0.067,0.0036,3.3115,0.05324,0.256,0.3099,0.2746,0.01529,0.14693,0.33801,,,,,,,,,,,
BS,August,31-Aug-17,1.191,0.009503,0.1516,0.015633,0.12778,0.076886,0.00007505,0.000889,0.2342,0.019547,0.033118,0.030141,0.000044,0.2667,0.0577,0.00389,3.3155,0.05592,0.2804,0.3176,0.2739,0.01723,0.15971,0.28963,,,,,,,,,,,
BS,August,31-Aug-18,1.1602,0.0081311,0.14638,0.014122,0.1274,0.068097,0.000067515,0.0008966,0.2429,0.018669,0.03259,0.030489,0.000042937,0.2666,0.0271,0.00355,3.3034,0.0524,0.2695,0.2467,0.2734,0.01483,0.14707,0.15266,,,,,,,,,,,
BS,August,31-Aug-19,1.0982,0.0063762,0.13973,0.013939,0.12751,0.065791,0.000070487,0.0008261,0.2378,0.019181,0.031915,0.032642,0.000043099,0.2666,0.0168,0.00332,3.2897,0.04984,0.251,0.2412,0.273,0.01499,0.13864,0.17133,,,,,,,,,,,
BS,August,31-Aug-20,1.1936,0.0060278,0.14602,0.013615,0.12903,0.05903,0.000068512,0.0008417,0.2401,0.020629,0.034008,0.032188,0.000043167,0.2666,0.0135,0.00336,3.2745,0.04569,0.2714,0.182,0.2726,0.01351,0.12871,0.13604,,,,,,,,,,,
,,,,,,,,,,,,,,,,,,,,,,,,,,,,,,,,,,,,,
